CS4012,1
CS4012,2
MS4111,3
MS4111,4
CS4221,5
CS4221,6
ET4011,7
ET4011,8
CS4141,9
CS4141,10
CS4043,11
CS4043,12
CS4222,3
CS4222,4
CS4182,1
CS4182,2
ET4162,13
ET4162,14
MA4402,15
MA4402,16
CS4013,1
CS4013,2
CS4023,17
CS4023,18
CS4416,19
CS4416,20
CS4004,21
CS4004,22
CS4178,23
CS4178,24
CS4006,25
CS4006,26
CS4076,27
CS4076,28
CS4115,29
CS4115,30
CS4815,31
CS4815,32
MA4413,33
MA4413,34
CS4457,31
CS4457,32
CS4187,35
CS4187,36
CS4084,37
CS4084,38
CS4116,39
CS4116,40
CS4106,25
CS4106,26
CS4617,41
CS4617,42
CS4125,27
CS4125,28
CS4207,43
CS4207,44
CS4337,45
CS4337,46
CS4287,47
CS4287,48
CS4618,41
CS4618,42
CS4227,49
CS4227,50
CS4158,51
CS4158,52
CS4168,19
CS4168,20
CS4171,29
CS4171,30
MS4021,53
MS4021,54
MS4131,15
MS4131,16
CS4242,25
CS4242,26
MS4022,55
MS4022,56
MS4122,57
MS4122,58
CS4096,11
CS4096,12
MS4613,59
MS4613,60
MA4004,61
MA4004,62
CS4136,43
CS4136,44
MS4303,57
MS4303,58
CS4928,27
CS4928,28
CS4297,45
CS4297,46
CS6361,41
CS6361,42
CS4938,41
CS4938,42
CS4135,49
CS4135,50
CS4108,63
CS4108,64
CS4469,41
CS4469,42
