LM121,1,1,CS4012,CS303
LM121,1,1,CS4012,CS303A
LM121,1,1,CS4012,CS303B
LM121,1,1,CS4012,CS303C
LM121,1,1,MS4111,CS303
LM121,1,1,MS4111,CS303A
LM121,1,1,MS4111,CS303B
LM121,1,1,ET4011,CS303
LM121,1,1,ET4011,CS303A
LM121,1,1,ET4011,CS303B
LM121,1,1,CS4141,CS303
LM121,1,1,CS4141,CS303A
LM121,1,1,CS4141,CS303B
LM121,1,1,CS4221,CS303
LM121,1,1,CS4221,CS303A
LM121,1,1,CS4221,CS303B
LM174,1,1,CS4171,AI303
LM174,1,1,CS4171,AI303A
LM174,1,1,MS4131,AI303
LM174,1,1,MS4131,AI303A
LM174,1,1,MS4021,AI303
LM174,1,1,MS4021,AI303A